11	R	1	Rocket League	2015	Psyonix	https://en.m.wikipedia.org/wiki/Rocket_League	.
11	R	2	Deus Ex	2000	Ion Storm	https://en.m.wikipedia.org/wiki/Deus_Ex	.
11	R	3	Resident Evil IV	2005	Capcom	https://en.m.wikipedia.org/wiki/Resident_Evil_4	.
11	R	4	Wii Sports	2006	Nintendo	https://en.m.wikipedia.org/wiki/Wii_Sports	.
11	R	5	Super Mario World	1990	Nintendo	https://en.m.wikipedia.org/wiki/Super_Mario_World	.
11	R	6	Super Meat Boy	2010	Team Meat	https://en.m.wikipedia.org/wiki/Super_Meat_Boy	.
11	R	7	Uncharted 2: Among Thieves	2009	Naughty Dog	https://en.m.wikipedia.org/wiki/Uncharted_2:_Among_Thieves	.
11	R	8	Theme Hospital	1997	Bullfrog	https://en.m.wikipedia.org/wiki/Theme_Hospital	.
11	R	9	Worms	1995	Team17	https://en.m.wikipedia.org/wiki/Worms_(1995_video_game)	.
11	R	Y	Mass Effect (new!)	2007	Bioware	https://en.m.wikipedia.org/wiki/Mass_Effect_(video_game)	.
11	R	10	Ratchet and Clank 2: Going Commando	2003	Insomniac Games	https://en.m.wikipedia.org/wiki/Ratchet_%26_Clank:_Going_Commando	.
11	R	11	Mario Strikers Charged	2007	Nintendo	https://en.m.wikipedia.org/wiki/Mario_Strikers_Charged	.
11	R	12	NHL 94	1993	Electronic Arts	https://en.m.wikipedia.org/wiki/NHL_%2794	.
11	R	13	Bioshock Infinite	2013	Irrational Games	https://en.m.wikipedia.org/wiki/BioShock_Infinite	.
11	R	Y	Tomb Raider (new!)	1996	Core Design	https://en.m.wikipedia.org/wiki/Tomb_Raider_(1996_video_game)	.
11	R	14	Crash Bandicoot	1996	Naughty Dog	https://en.m.wikipedia.org/wiki/Crash_Bandicoot_(video_game)	.
11	R	15	Gears of War	2006	Epic Games	https://en.m.wikipedia.org/wiki/Gears_of_War_(video_game)	.
11	R	16	Sunset Overdrive	2014	Insomniac Games	https://en.m.wikipedia.org/wiki/Sunset_Overdrive	.
11	R	17	Papers, Please	2014	Lucas Pope	https://en.m.wikipedia.org/wiki/Papers,_Please	.
11	R	18	LA Noire	2011	RockStar Games	https://en.m.wikipedia.org/wiki/L.A._Noire	.
11	R	19	skate.	2007	EA Black Box	https://en.m.wikipedia.org/wiki/Skate_(video_game)	.
11	R	20	The Stanley Parable	2011	Galactic Cafe	https://en.m.wikipedia.org/wiki/The_Stanley_Parable	.
11	R	21	Kingpin: Life of Crime	1999	Xatrix	https://en.m.wikipedia.org/wiki/Kingpin:_Life_of_Crime	.
11	R	22	Transistor	2014	Supergiant Games	https://en.m.wikipedia.org/wiki/Transistor_(video_game)	.
11	R	23	Star Wars Episode I: Pod Racer	1999	LucasArts	https://en.m.wikipedia.org/wiki/Star_Wars_Episode_I:_Racer	.
11	R	24	Earthworm Jim	1994	Shiny Entertainment	https://en.m.wikipedia.org/wiki/Earthworm_Jim	.
11	R	25	Spyro the Dragon	1998	Insomniac Games	https://en.m.wikipedia.org/wiki/Spyro_the_Dragon_(video_game)	.
11	R	26	The Beatles: Rock Band	2009	Harmonix	https://en.m.wikipedia.org/wiki/The_Beatles:_Rock_Band	.
11	R	27	Call of Duty 2	2005	Infinity Ward	https://en.m.wikipedia.org/wiki/Call_of_Duty_2	.
11	R	28	Saints Row: The Third	2011	Volition	https://en.m.wikipedia.org/wiki/Saints_Row:_The_Third	.
11	R	29	Spec Ops the Line	2012	Yager Development	https://en.m.wikipedia.org/wiki/Spec_Ops:_The_Line	.
11	R	30	Donkey Kong Country 2: Diddy's Kong Quest	1995	Naughty Dog	https://en.m.wikipedia.org/wiki/Donkey_Kong_Country_2:_Diddy%27s_Kong_Quest	.
11	R	31	City of Heroes	2004	Cryptic Studios	https://en.m.wikipedia.org/wiki/City_of_Heroes	.
11	R	32	Candy Crush Saga	2002	King	https://en.m.wikipedia.org/wiki/Candy_Crush_Saga	.
11	R	33	Angry Birds	2009	Rovio	https://en.m.wikipedia.org/wiki/Angry_Birds	.
11	R	34	Gone Home	2013	Fullbright	https://en.m.wikipedia.org/wiki/Gone_Home	.
11	R	35	Super Hexagon	2012	Terry Cavanagh	https://en.m.wikipedia.org/wiki/Super_Hexagon	.
11	R	36	Soldier of Fortune	2000	Raven Software	https://en.m.wikipedia.org/wiki/Soldier_of_Fortune_(video_game)	.
11	R	37	GTA London	1999	DMA Design	https://en.m.wikipedia.org/wiki/Grand_Theft_Auto:_London,_1969	.
11	R	Y	Amnesia: The Dark Decent (new!)	2010	Frictional Games	https://en.m.wikipedia.org/wiki/Amnesia:_The_Dark_Descent	.
11	R	38	Five Nights at Freddy's	2014	Scott Cawthon	https://en.m.wikipedia.org/wiki/Five_Nights_at_Freddy%27s	.
11	R	39	Wii Fit	2008	Nintendo	https://en.m.wikipedia.org/wiki/Wii_Fit	.
11	R	40	Excitebike	1984	Nintendo	https://en.m.wikipedia.org/wiki/Excitebike	.
11	R	41	Papo & Yo	2012	Minority	https://en.m.wikipedia.org/wiki/Papo_%26_Yo	.
11	R	42	Gex: Enter the Gecko	1998	Crystal Dynamics	https://en.m.wikipedia.org/wiki/Gex:_Enter_the_Gecko	.
11	R	43	The Witcher	2007	CD Projekt Red	https://en.m.wikipedia.org/wiki/The_Witcher_(video_game)	.
11	R	44	Hellgate: London	2007	Flagship Studios	https://en.m.wikipedia.org/wiki/Hellgate:_London	.
11	R	45	Unreal Championship 2: The Liandri Conflict	2005	Epic Games	https://en.m.wikipedia.org/wiki/Unreal_Championship_2:_The_Liandri_Conflict	.
11	R	46	Duck Hunt	1984	Nintendo	https://en.m.wikipedia.org/wiki/Duck_Hunt	.
11	R	Y	Blood (new!)	1997	Monolith Productions	https://en.m.wikipedia.org/wiki/Blood_(video_game)	.
11	R	47	Minesweeper	1989	Microsoft	https://en.m.wikipedia.org/wiki/Minesweeper_(video_game)	.
11	R	48	The Order 1886	2015	Ready at Dawn	https://en.m.wikipedia.org/wiki/The_Order:_1886	.
11	P	N	ZombiU	2012	Ubisoft	https://en.m.wikipedia.org/wiki/ZombiU	.
11	P	N	Tecmo Super Bowl	1991	Tecmo	https://en.m.wikipedia.org/wiki/Tecmo_Super_Bowl	.
11	P	N	Slender: The Eight Pages	2012	Parsec Productions	https://en.m.wikipedia.org/wiki/Slender:_The_Eight_Pages	.
11	P	N	Silent Hill 2	2001	Konami	https://en.m.wikipedia.org/wiki/Silent_Hill_2	.
11	B	N	Unreal Championship 2: The Liandri Conflict	2005	Epic Games	https://en.m.wikipedia.org/wiki/Unreal_Championship_2:_The_Liandri_Conflict	.
10	R	1	Rocket League	2015	Psyonix	https://en.m.wikipedia.org/wiki/Rocket_League	.
10	R	2	Deus Ex	2000	Ion Storm	https://en.m.wikipedia.org/wiki/Deus_Ex	.
10	R	Y	Resident Evil 4	2005	Capcom	https://en.m.wikipedia.org/wiki/Resident_Evil_4	.
10	R	3	Wii Sports	2006	Nintendo	https://en.m.wikipedia.org/wiki/Wii_Sports	.
10	R	4	Super Mario World	1990	Nintendo	https://en.m.wikipedia.org/wiki/Super_Mario_World	.
10	R	5	Super Meat Boy	2010	Team Meat	https://en.m.wikipedia.org/wiki/Super_Meat_Boy	.
10	R	6	Uncharted 2: Among Thieves	2009	Naughty Dog	https://en.m.wikipedia.org/wiki/Uncharted_2:_Among_Thieves	.
10	R	7	Theme Hospital	1997	Bullfrog	https://en.m.wikipedia.org/wiki/Theme_Hospital	.
10	R	8	Worms	1995	Team17	https://en.m.wikipedia.org/wiki/Worms_(1995_video_game)	.
10	R	9	Ratchet and Clank 2: Going Commando	2003	Insomniac Games	https://en.m.wikipedia.org/wiki/Ratchet_%26_Clank:_Going_Commando	.
10	R	10	Mario Strikers Charged	2007	Nintendo	https://en.m.wikipedia.org/wiki/Mario_Strikers_Charged	.
10	R	11	NHL 94	1993	Electronic Arts	https://en.m.wikipedia.org/wiki/NHL_%2794	.
10	R	Y	BioShock Infinite	2013	Irrational Games	https://en.m.wikipedia.org/wiki/BioShock_Infinite	.
10	R	12	Crash Bandicoot	1996	Naughty Dog	https://en.m.wikipedia.org/wiki/Crash_Bandicoot_(video_game)	.
10	R	13	Gears of War	2006	Epic Games	https://en.m.wikipedia.org/wiki/Gears_of_War_(video_game)	.
10	R	14	Sunset Overdrive	2014	Insomniac Games	https://en.m.wikipedia.org/wiki/Sunset_Overdrive	.
10	R	15	Papers, Please	2014	Lucas Pope	https://en.m.wikipedia.org/wiki/Papers,_Please	.
10	R	16	LA Noire	2011	RockStar Games	https://en.m.wikipedia.org/wiki/L.A._Noire	.
10	R	17	skate.	2007	EA Black Box	https://en.m.wikipedia.org/wiki/Skate_(video_game)	.
10	R	18	The Stanley Parable	2011	Galactic Cafe	https://en.m.wikipedia.org/wiki/The_Stanley_Parable	.
10	R	19	Kingpin: Life of Crime	1999	Xatrix	https://en.m.wikipedia.org/wiki/Kingpin:_Life_of_Crime	.
10	R	20	Transistor	2014	Supergiant Games	https://en.m.wikipedia.org/wiki/Transistor_(video_game)	.
10	R	21	Star Wars Episode I: Pod Racer	1999	LucasArts	https://en.m.wikipedia.org/wiki/Star_Wars_Episode_I:_Racer	.
10	R	22	Earthworm Jim	1994	Shiny Entertainment	https://en.m.wikipedia.org/wiki/Earthworm_Jim	.
10	R	23	Spyro the Dragon	1998	Insomniac Games	https://en.m.wikipedia.org/wiki/Spyro_the_Dragon_(video_game)	.
10	R	24	The Beatles: Rock Band	2009	Harmonix	https://en.m.wikipedia.org/wiki/The_Beatles:_Rock_Band	.
10	R	25	Call of Duty 2	2005	Infinity Ward	https://en.m.wikipedia.org/wiki/Call_of_Duty_2	.
10	R	26	Saints Row: The Third	2011	Volition	https://en.m.wikipedia.org/wiki/Saints_Row:_The_Third	.
10	R	27	Spec Ops the Line	2012	Yager Development	https://en.m.wikipedia.org/wiki/Spec_Ops:_The_Line	.
10	R	28	Donkey Kong Country 2: Diddy's Kong Quest	1995	Naughty Dog	https://en.m.wikipedia.org/wiki/Donkey_Kong_Country_2:_Diddy%27s_Kong_Quest	.
10	R	29	City of Heroes	2004	Cryptic Studios	https://en.m.wikipedia.org/wiki/City_of_Heroes	.
10	R	30	Candy Crush Saga	2002	King	https://en.m.wikipedia.org/wiki/Candy_Crush_Saga	.
10	R	31	Angry Birds	2009	Rovio	https://en.m.wikipedia.org/wiki/Angry_Birds	.
10	R	32	Gone Home	2013	Fullbright	https://en.m.wikipedia.org/wiki/Gone_Home	.
10	R	33	Super Hexagon	2012	Terry Cavanagh	https://en.m.wikipedia.org/wiki/Super_Hexagon	.
10	R	34	Soldier of Fortune	2000	Raven Software	https://en.m.wikipedia.org/wiki/Soldier_of_Fortune_(video_game)	.
10	R	Y	Five Nights at Freddy's	2014	Scott Cawthon	https://en.m.wikipedia.org/wiki/Five_Nights_at_Freddy%27s	.
10	R	35	GTA London	1999	DMA Design	https://en.m.wikipedia.org/wiki/Grand_Theft_Auto:_London,_1969	.
10	R	36	Wii Fit	2008	Nintendo	https://en.m.wikipedia.org/wiki/Wii_Fit	.
10	R	37	Excitebike	1984	Nintendo	https://en.m.wikipedia.org/wiki/Excitebike	.
10	R	38	Papo & Yo	2012	Minority	https://en.m.wikipedia.org/wiki/Papo_%26_Yo	.
10	R	39	Gex: Enter the Gecko	1998	Crystal Dynamics	https://en.m.wikipedia.org/wiki/Gex:_Enter_the_Gecko	.
10	R	40	The Witcher	2007	CD Projekt Red	https://en.m.wikipedia.org/wiki/The_Witcher_(video_game)	.
10	R	41	Hellgate: London	2007	Flagship Studios	https://en.m.wikipedia.org/wiki/Hellgate:_London	.
10	R	42	Unreal Championship 2: The Liandri Conflict	2005	Epic Games	https://en.m.wikipedia.org/wiki/Unreal_Championship_2:_The_Liandri_Conflict	.
10	R	43	Duck Hunt	1984	Nintendo	https://en.m.wikipedia.org/wiki/Duck_Hunt	.
10	R	44	Minesweeper	1989	Microsoft	https://en.m.wikipedia.org/wiki/Minesweeper_(video_game)	.
10	R	45	The Order 1886	2015	Ready at Dawn	https://en.m.wikipedia.org/wiki/The_Order:_1886	.
10	P	N	ZombiU	2012	Ubisoft	https://en.m.wikipedia.org/wiki/ZombiU	.
10	P	N	Tecmo Super Bowl	1991	Tecmo	https://en.m.wikipedia.org/wiki/Tecmo_Super_Bowl	.
10	P	N	Blood	1997	Atari	https://en.m.wikipedia.org/wiki/Blood_(video_game)	.
10	P	Y	Silent Hill 2	2001	Konami	https://en.m.wikipedia.org/wiki/Silent_Hill_2	.
10	P	Y	Amnesia: The Dark Descent	2010	Friction Games	https://en.m.wikipedia.org/wiki/Amnesia:_The_Dark_Descent	.
10	P	Y	Until Dawn	2015	Supermassive Games	https://en.m.wikipedia.org/wiki/Until_Dawn	.
10	P	Y	Slender: The Eight Pages	2012	Parsec Productions	https://en.m.wikipedia.org/wiki/Slender:_The_Eight_Pages	.
10	B	N	Unreal Championship 2: The Liandri Conflict	2005	Epic Games	https://en.m.wikipedia.org/wiki/Unreal_Championship_2:_The_Liandri_Conflict	
9	R	Y	Rocket League	2015	Psyonix	https://en.m.wikipedia.org/wiki/Rocket_League	.
9	R	1	Deus Ex	2000	Ion Storm	https://en.m.wikipedia.org/wiki/Deus_Ex	.
9	R	2	Wii Sports	2006	Nintendo	https://en.m.wikipedia.org/wiki/Wii_Sports	.
9	R	3	Super Mario World	1990	Nintendo	https://en.m.wikipedia.org/wiki/Super_Mario_World	.
9	R	4	Super Meat Boy	2010	Team Meat	https://en.m.wikipedia.org/wiki/Super_Meat_Boy	.
9	R	5	Uncharted 2: Among Thieves	2009	Naughty Dog	https://en.m.wikipedia.org/wiki/Uncharted_2:_Among_Thieves	.
9	R	6	Theme Hospital	1997	Bullfrog	https://en.m.wikipedia.org/wiki/Theme_Hospital	.
9	R	7	Worms	1995	Team17	https://en.m.wikipedia.org/wiki/Worms_(1995_video_game)	.
9	R	8	Ratchet and Clank 2: Going Commando	2003	Insomniac Games	https://en.m.wikipedia.org/wiki/Ratchet_%26_Clank:_Going_Commando	.
9	R	9	Mario Strikers Charged	2007	Nintendo	https://en.m.wikipedia.org/wiki/Mario_Strikers_Charged	.
9	R	Y	NHL 94	1993	Electronic Arts	https://en.m.wikipedia.org/wiki/NHL_%2794	.
9	R	10	Crash Bandicoot	1996	Naughty Dog	https://en.m.wikipedia.org/wiki/Crash_Bandicoot_(video_game)	.
9	R	11	Gears of War	2006	Epic Games	https://en.m.wikipedia.org/wiki/Gears_of_War_(video_game)	.
9	R	12	Sunset Overdrive	2014	Insomniac Games	https://en.m.wikipedia.org/wiki/Sunset_Overdrive	.
9	R	13	Papers, Please	2014	Lucas Pope	https://en.m.wikipedia.org/wiki/Papers,_Please	.
9	R	14	LA Noire	2011	RockStar Games	https://en.m.wikipedia.org/wiki/L.A._Noire	.
9	R	15	skate.	2007	EA Black Box	https://en.m.wikipedia.org/wiki/Skate_(video_game)	.
9	R	16	The Stanley Parable	2011	Galactic Cafe	https://en.m.wikipedia.org/wiki/The_Stanley_Parable	.
9	R	Y	Kingpin: Life of Crime	1999	Xatrix	https://en.m.wikipedia.org/wiki/Kingpin:_Life_of_Crime	.
9	R	17	Transistor	2014	Supergiant Games	https://en.m.wikipedia.org/wiki/Transistor_(video_game)	.
9	R	18	Star Wars Episode I: Pod Racer	1999	LucasArts	https://en.m.wikipedia.org/wiki/Star_Wars_Episode_I:_Racer	.
9	R	19	Earthworm Jim	1994	Shiny Entertainment	https://en.m.wikipedia.org/wiki/Earthworm_Jim	.
9	R	20	Spyro the Dragon	1998	Insomniac Games	https://en.m.wikipedia.org/wiki/Spyro_the_Dragon_(video_game)	.
9	R	21	The Beatles: Rock Band	2009	Harmonix	https://en.m.wikipedia.org/wiki/The_Beatles:_Rock_Band	.
9	R	22	Call of Duty 2	2005	Infinity Ward	https://en.m.wikipedia.org/wiki/Call_of_Duty_2	.
9	R	23	Saints Row: The Third	2011	Volition	https://en.m.wikipedia.org/wiki/Saints_Row:_The_Third	.
9	R	24	Spec Ops the Line	2012	Yager Development	https://en.m.wikipedia.org/wiki/Spec_Ops:_The_Line	.
9	R	25	Donkey Kong Country 2: Diddy's Kong Quest	1995	Naughty Dog	https://en.m.wikipedia.org/wiki/Donkey_Kong_Country_2:_Diddy%27s_Kong_Quest	.
9	R	26	City of Heroes	2004	Cryptic Studios	https://en.m.wikipedia.org/wiki/City_of_Heroes	.
9	R	Y	Candy Crush Saga	2002	King	https://en.m.wikipedia.org/wiki/Candy_Crush_Saga	.
9	R	27	Angry Birds	2009	Rovio	https://en.m.wikipedia.org/wiki/Angry_Birds	.
9	R	28	Gone Home	2013	Fullbright	https://en.m.wikipedia.org/wiki/Gone_Home	.
9	R	29	Super Hexagon	2012	Terry Cavanagh	https://en.m.wikipedia.org/wiki/Super_Hexagon	.
9	R	Y	Soldier of Fortune	2000	Raven Software	https://en.m.wikipedia.org/wiki/Soldier_of_Fortune_(video_game)	.
9	R	30	GTA London	1999	DMA Design	https://en.m.wikipedia.org/wiki/Grand_Theft_Auto:_London,_1969	.
9	R	31	Wii Fit	2008	Nintendo	https://en.m.wikipedia.org/wiki/Wii_Fit	.
9	R	32	Excitebike	1984	Nintendo	https://en.m.wikipedia.org/wiki/Excitebike	.
9	R	33	Papo & Yo	2012	Minority	https://en.m.wikipedia.org/wiki/Papo_%26_Yo	.
9	R	34	Gex: Enter the Gecko	1998	Crystal Dynamics	https://en.m.wikipedia.org/wiki/Gex:_Enter_the_Gecko	.
9	R	35	The Witcher	2007	CD Projekt Red	https://en.m.wikipedia.org/wiki/The_Witcher_(video_game)	.
9	R	36	Hellgate: London	2007	Flagship Studios	https://en.m.wikipedia.org/wiki/Hellgate:_London	.
9	R	37	Unreal Championship 2: The Liandri Conflict	2005	Epic Games	https://en.m.wikipedia.org/wiki/Unreal_Championship_2:_The_Liandri_Conflict	.
9	R	38	Duck Hunt	1984	Nintendo	https://en.m.wikipedia.org/wiki/Duck_Hunt	.
9	R	39	Minesweeper	1989	Microsoft	https://en.m.wikipedia.org/wiki/Minesweeper_(video_game)	.
9	R	40	The Order 1886	2015	Ready at Dawn	https://en.m.wikipedia.org/wiki/The_Order:_1886	.
9	P	N	ZombiU	2012	Ubisoft	https://en.m.wikipedia.org/wiki/ZombiU	.
9	P	Y	Tecmo Super Bowl	1991	Tecmo	https://en.m.wikipedia.org/wiki/Tecmo_Super_Bowl	.
9	P	Y	Blood	1997	Atari	https://en.m.wikipedia.org/wiki/Blood_(video_game)	
9	B	N	Unreal Championship 2: The Liandri Conflict	2005	Epic Games	https://en.m.wikipedia.org/wiki/Unreal_Championship_2:_The_Liandri_Conflict	.
8	R	1	Deus Ex	2000	Ion Storm	https://en.m.wikipedia.org/wiki/Deus_Ex	.
8	R	2	Wii Sports	2006	Nintendo	https://en.m.wikipedia.org/wiki/Wii_Sports	.
8	R	3	Super Mario World	1990	Nintendo	https://en.m.wikipedia.org/wiki/Super_Mario_World	.
8	R	4	Super Meat Boy	2010	Team Meat	https://en.m.wikipedia.org/wiki/Super_Meat_Boy	.
8	R	5	Uncharted 2: Among Thieves	2009	Naughty Dog	https://en.m.wikipedia.org/wiki/Uncharted_2:_Among_Thieves	.
8	R	Y	Theme Hospital	1997	Bullfrog	https://en.m.wikipedia.org/wiki/Theme_Hospital	.
8	R	6	Worms	1995	Team17	https://en.m.wikipedia.org/wiki/Worms_(1995_video_game)	.
8	R	7	Ratchet and Clank 2: Going Commando	2003	Insomniac Games	https://en.m.wikipedia.org/wiki/Ratchet_%26_Clank:_Going_Commando	.
8	R	8	Mario Strikers Charged	2007	Nintendo	https://en.m.wikipedia.org/wiki/Mario_Strikers_Charged	.
8	R	9	Crash Bandicoot	1996	Naughty Dog	https://en.m.wikipedia.org/wiki/Crash_Bandicoot_(video_game)	.
8	R	10	Gears of War	2006	Epic Games	https://en.m.wikipedia.org/wiki/Gears_of_War_(video_game)	.
8	R	11	Sunset Overdrive	2014	Insomniac Games	https://en.m.wikipedia.org/wiki/Sunset_Overdrive	.
8	R	12	Papers, Please	2014	Lucas Pope	https://en.m.wikipedia.org/wiki/Papers,_Please	.
8	R	13	LA Noire	2011	RockStar Games	https://en.m.wikipedia.org/wiki/L.A._Noire	.
8	R	14	skate.	2007	EA Black Box	https://en.m.wikipedia.org/wiki/Skate_(video_game)	.
8	R	15	The Stanley Parable	2011	Galactic Cafe	https://en.m.wikipedia.org/wiki/The_Stanley_Parable	.
8	R	16	Transistor	2014	Supergiant Games	https://en.m.wikipedia.org/wiki/Transistor_(video_game)	.
8	R	17	Star Wars Episode I: Pod Racer	1999	LucasArts	https://en.m.wikipedia.org/wiki/Star_Wars_Episode_I:_Racer	.
8	R	18	Earthworm Jim	1994	Shiny Entertainment	https://en.m.wikipedia.org/wiki/Earthworm_Jim	.
8	R	19	Spyro the Dragon	1998	Insomniac Games	https://en.m.wikipedia.org/wiki/Spyro_the_Dragon_(video_game)	.
8	R	Y	The Beatles: Rock Band	2009	Harmonix	https://en.m.wikipedia.org/wiki/The_Beatles:_Rock_Band	.
8	R	20	Call of Duty 2	2005	Infinity Ward	https://en.m.wikipedia.org/wiki/Call_of_Duty_2	.
8	R	21	Saints Row: The Third	2011	Volition	https://en.m.wikipedia.org/wiki/Saints_Row:_The_Third	.
8	R	22	Spec Ops the Line	2012	Yager Development	https://en.m.wikipedia.org/wiki/Spec_Ops:_The_Line	.
8	R	23	Donkey Kong Country 2: Diddy's Kong Quest	1995	Naughty Dog	https://en.m.wikipedia.org/wiki/Donkey_Kong_Country_2:_Diddy%27s_Kong_Quest	.
8	R	24	City of Heroes	2004	Cryptic Studios	https://en.m.wikipedia.org/wiki/City_of_Heroes	.
8	R	25	Angry Birds	2009	Rovio	https://en.m.wikipedia.org/wiki/Angry_Birds	.
8	R	26	Gone Home	2013	Fullbright	https://en.m.wikipedia.org/wiki/Gone_Home	.
8	R	27	Super Hexagon	2012	Terry Cavanagh	https://en.m.wikipedia.org/wiki/Super_Hexagon	.
8	R	Y	GTA London	1999	DMA Design	https://en.m.wikipedia.org/wiki/Grand_Theft_Auto:_London,_1969	.
8	R	Y	Wii Fit	2008	Nintendo	https://en.m.wikipedia.org/wiki/Wii_Fit	.
8	R	28	Excitebike	1984	Nintendo	https://en.m.wikipedia.org/wiki/Excitebike	.
8	R	29	Papo & Yo	2012	Minority	https://en.m.wikipedia.org/wiki/Papo_%26_Yo	.
8	R	30	Gex: Enter the Gecko	1998	Crystal Dynamics	https://en.m.wikipedia.org/wiki/Gex:_Enter_the_Gecko	.
8	R	31	The Witcher	2007	CD Projekt Red	https://en.m.wikipedia.org/wiki/The_Witcher_(video_game)	.
8	R	32	Hellgate: London	2007	Flagship Studios	https://en.m.wikipedia.org/wiki/Hellgate:_London	.
8	R	33	Unreal Championship 2: The Liandri Conflict	2005	Epic Games	https://en.m.wikipedia.org/wiki/Unreal_Championship_2:_The_Liandri_Conflict	.
8	R	34	Duck Hunt	1984	Nintendo	https://en.m.wikipedia.org/wiki/Duck_Hunt	.
8	R	35	Minesweeper	1989	Microsoft	https://en.m.wikipedia.org/wiki/Minesweeper_(video_game)	.
8	R	36	The Order 1886	2015	Ready at Dawn	https://en.m.wikipedia.org/wiki/The_Order:_1886	.
8	P	Y	ZombiU	2012	Ubisoft	https://en.m.wikipedia.org/wiki/ZombiU	.
8	P	Y	Candy Crush Saga	2012	King	https://en.m.wikipedia.org/wiki/Candy_Crush_Saga	.
8	B	N	Unreal Championship 2: The Liandri Conflict	2005	Epic Games	https://en.m.wikipedia.org/wiki/Unreal_Championship_2:_The_Liandri_Conflict	.
7	R	1	Deus Ex	2000	Ion Storm	https://en.m.wikipedia.org/wiki/Deus_Ex	.
7	R	2	Wii Sports	2006	Nintendo	https://en.m.wikipedia.org/wiki/Wii_Sports	.
7	R	3	Super Mario World	1990	Nintendo	https://en.m.wikipedia.org/wiki/Super_Mario_World	.
7	R	4	Super Meat Boy	2010	Team Meat	https://en.m.wikipedia.org/wiki/Super_Meat_Boy	.
7	R	5	Uncharted 2: Among Thieves	2009	Naughty Dog	https://en.m.wikipedia.org/wiki/Uncharted_2:_Among_Thieves	.
7	R	6	Worms	1995	Team17	https://en.m.wikipedia.org/wiki/Worms_(1995_video_game)	.
7	R	Y	Ratchet and Clank 2: Going Commando	2003	Insomniac Games	https://en.m.wikipedia.org/wiki/Ratchet_%26_Clank:_Going_Commando	.
7	R	7	Mario Strikers Charged	2007	Nintendo	https://en.m.wikipedia.org/wiki/Mario_Strikers_Charged	.
7	R	8	Crash Bandicoot	1996	Naughty Dog	https://en.m.wikipedia.org/wiki/Crash_Bandicoot_(video_game)	.
7	R	9	Gears of War	2006	Epic Games	https://en.m.wikipedia.org/wiki/Gears_of_War_(video_game)	.
7	R	10	Sunset Overdrive	2014	Insomniac Games	https://en.m.wikipedia.org/wiki/Sunset_Overdrive	.
7	R	11	Papers, Please	2014	Lucas Pope	https://en.m.wikipedia.org/wiki/Papers,_Please	.
7	R	12	LA Noire	2011	RockStar Games	https://en.m.wikipedia.org/wiki/L.A._Noire	.
7	R	13	skate.	2007	EA Black Box	https://en.m.wikipedia.org/wiki/Skate_(video_game)	.
7	R	Y	The Stanley Parable	2011	Galactic Cafe	https://en.m.wikipedia.org/wiki/The_Stanley_Parable	.
7	R	14	Transistor	2014	Supergiant Games	https://en.m.wikipedia.org/wiki/Transistor_(video_game)	.
7	R	15	Star Wars Episode I: Pod Racer	1999	LucasArts	https://en.m.wikipedia.org/wiki/Star_Wars_Episode_I:_Racer	.
7	R	16	Earthworm Jim	1994	Shiny Entertainment	https://en.m.wikipedia.org/wiki/Earthworm_Jim	.
7	R	17	Spyro the Dragon	1998	Insomniac Games	https://en.m.wikipedia.org/wiki/Spyro_the_Dragon_(video_game)	.
7	R	18	Call of Duty 2	2005	Infinity Ward	https://en.m.wikipedia.org/wiki/Call_of_Duty_2	.
7	R	19	Saints Row: The Third	2011	Volition	https://en.m.wikipedia.org/wiki/Saints_Row:_The_Third	.
7	R	Y	Spec Ops the Line	2012	Yager Development	https://en.m.wikipedia.org/wiki/Spec_Ops:_The_Line	.
7	R	Y	Donkey Kong Country 2: Diddy's Kong Quest	1995	Naughty Dog	https://en.m.wikipedia.org/wiki/Donkey_Kong_Country_2:_Diddy%27s_Kong_Quest	.
7	R	20	City of Heroes	2004	Cryptic Studios	https://en.m.wikipedia.org/wiki/City_of_Heroes	.
7	R	21	Angry Birds	2009	Rovio	https://en.m.wikipedia.org/wiki/Angry_Birds	.
7	R	22	Gone Home	2013	Fullbright	https://en.m.wikipedia.org/wiki/Gone_Home	.
7	R	23	Super Hexagon	2012	Terry Cavanagh	https://en.m.wikipedia.org/wiki/Super_Hexagon	.
7	R	24	Excitebike	1984	Nintendo	https://en.m.wikipedia.org/wiki/Excitebike	.
7	R	25	Papo & Yo	2012	Minority	https://en.m.wikipedia.org/wiki/Papo_%26_Yo	.
7	R	26	Gex: Enter the Gecko	1998	Crystal Dynamics	https://en.m.wikipedia.org/wiki/Gex:_Enter_the_Gecko	.
7	R	27	The Witcher	2007	CD Projekt Red	https://en.m.wikipedia.org/wiki/The_Witcher_(video_game)	.
7	R	28	Hellgate: London	2007	Flagship Studios	https://en.m.wikipedia.org/wiki/Hellgate:_London	.
7	R	29	Unreal Championship 2: The Liandri Conflict	2005	Epic Games	https://en.m.wikipedia.org/wiki/Unreal_Championship_2:_The_Liandri_Conflict	.
7	R	30	Duck Hunt	1984	Nintendo	https://en.m.wikipedia.org/wiki/Duck_Hunt	.
7	R	31	Minesweeper	1989	Microsoft	https://en.m.wikipedia.org/wiki/Minesweeper_(video_game)	.
7	R	32	The Order 1886	2015	Ready at Dawn	https://en.m.wikipedia.org/wiki/The_Order:_1886	.
7	B	N	Unreal Championship 2: The Liandri Conflict	2005	Epic Games	https://en.m.wikipedia.org/wiki/Unreal_Championship_2:_The_Liandri_Conflict	.
6	R	Y	Deus Ex	2000	Ion Storm	https://en.m.wikipedia.org/wiki/Deus_Ex	.
6	R	Y	Wii Sports	2006	Nintendo	https://en.m.wikipedia.org/wiki/Wii_Sports	.
6	R	1	Super Mario World	1990	Nintendo	https://en.m.wikipedia.org/wiki/Super_Mario_World	.
6	R	2	Super Meat Boy	2010	Team Meat	https://en.m.wikipedia.org/wiki/Super_Meat_Boy	.
6	R	3	Uncharted 2: Among Thieves	2009	Naughty Dog	https://en.m.wikipedia.org/wiki/Uncharted_2:_Among_Thieves	.
6	R	Y	Worms	1995	Team17	https://en.m.wikipedia.org/wiki/Worms_(1995_video_game)	.
6	R	4	Mario Strikers Charged	2007	Nintendo	https://en.m.wikipedia.org/wiki/Mario_Strikers_Charged	.
6	R	5	Crash Bandicoot	1996	Naughty Dog	https://en.m.wikipedia.org/wiki/Crash_Bandicoot_(video_game)	.
6	R	6	Gears of War	2006	Epic Games	https://en.m.wikipedia.org/wiki/Gears_of_War_(video_game)	.
6	R	7	Sunset Overdrive	2014	Insomniac Games	https://en.m.wikipedia.org/wiki/Sunset_Overdrive	.
6	R	Y	Papers, Please	2014	Lucas Pope	https://en.m.wikipedia.org/wiki/Papers,_Please	.
6	R	8	LA Noire	2011	RockStar Games	https://en.m.wikipedia.org/wiki/L.A._Noire	.
6	R	9	skate.	2007	EA Black Box	https://en.m.wikipedia.org/wiki/Skate_(video_game)	.
6	R	10	Transistor	2014	Supergiant Games	https://en.m.wikipedia.org/wiki/Transistor_(video_game)	.
6	R	11	Star Wars Episode I: Pod Racer	1999	LucasArts	https://en.m.wikipedia.org/wiki/Star_Wars_Episode_I:_Racer	.
6	R	Y	Earthworm Jim	1994	Shiny Entertainment	https://en.m.wikipedia.org/wiki/Earthworm_Jim	.
6	R	12	Spyro the Dragon	1998	Insomniac Games	https://en.m.wikipedia.org/wiki/Spyro_the_Dragon_(video_game)	.
6	R	13	Call of Duty 2	2005	Infinity Ward	https://en.m.wikipedia.org/wiki/Call_of_Duty_2	.
6	R	14	Saints Row: The Third	2011	Volition	https://en.m.wikipedia.org/wiki/Saints_Row:_The_Third	.
6	R	15	City of Heroes	2004	 Cryptic Studios	https://en.m.wikipedia.org/wiki/City_of_Heroes	.
6	R	16	Angry Birds	2009	Rovio	https://en.m.wikipedia.org/wiki/Angry_Birds	.
6	R	17	Gone Home 	2013	Fullbright	https://en.m.wikipedia.org/wiki/Gone_Home	.
6	R	18	Super Hexagon	2012	Terry Cavanagh	https://en.m.wikipedia.org/wiki/Super_Hexagon	.
6	R	19	Excitebike	1984	Nintendo	https://en.m.wikipedia.org/wiki/Excitebike	.
6	R	20	Papo & Yo	2012	Minority	https://en.m.wikipedia.org/wiki/Papo_%26_Yo	.
6	R	21	Gex: Enter the Gecko	1998	Crystal Dynamics	https://en.m.wikipedia.org/wiki/Gex:_Enter_the_Gecko	.
6	R	22	The Witcher	2007	CD Projekt Red	https://en.m.wikipedia.org/wiki/The_Witcher_(video_game)	.
6	R	23	Hellgate: London	2007	 Flagship Studios	https://en.m.wikipedia.org/wiki/Hellgate:_London	.
6	R	24	Unreal Championship 2: The Liandri Conflict	2005	Epic Games	https://en.m.wikipedia.org/wiki/Unreal_Championship_2:_The_Liandri_Conflict	.
6	R	Y	Duck Hunt	1984	Nintendo	https://en.m.wikipedia.org/wiki/Duck_Hunt	.
6	R	25	Minesweeper	1989	Microsoft	https://en.m.wikipedia.org/wiki/Minesweeper_(video_game)	.
6	R	26	The Order 1886 	2015	Ready at Dawn	https://en.m.wikipedia.org/wiki/The_Order:_1886	.
6	P	N	The Stanley Parable 	2013	Galactic Cafe	https://en.m.wikipedia.org/wiki/The_Stanley_Parable	.
6	P	N	Ratchet and Clank 2: Going Commando	2003	Insomniac Games	https://en.m.wikipedia.org/wiki/Ratchet_%26_Clank:_Going_Commando	.
6	P	N	Donkey Kong Country 2	1995	Rare	https://en.m.wikipedia.org/wiki/Donkey_Kong_Country_2:_Diddy%27s_Kong_Quest	.
6	P	N	Spec Ops the Line	2012	Yager Development	https://en.m.wikipedia.org/wiki/Spec_Ops:_The_Line	.
6	B	N	Unreal Championship 2: The Liandri Conflict	2005	Epic Games	https://en.m.wikipedia.org/wiki/Unreal_Championship_2:_The_Liandri_Conflict	.
5	R	1	Super Mario World	1990	Nintendo	https://en.m.wikipedia.org/wiki/Super_Mario_World	.
5	R	2	Super Meat Boy	2010	Team Meat	https://en.m.wikipedia.org/wiki/Super_Meat_Boy	.
5	R	Y	Uncharted 2: Among Thieves	2009	Naughty Dog	https://en.m.wikipedia.org/wiki/Uncharted_2:_Among_Thieves	.
5	R	3	Mario Strikers Charged	2007	Nintendo	https://en.m.wikipedia.org/wiki/Mario_Strikers_Charged	.
5	R	4	Crash Bandicoot	1996	Naughty Dog	https://en.m.wikipedia.org/wiki/Crash_Bandicoot_(video_game)	.
5	R	Y	Gears of War	2006	Epic Games	https://en.m.wikipedia.org/wiki/Gears_of_War_(video_game)	.
5	R	5	Sunset Overdrive	2014	Insomniac Games	https://en.m.wikipedia.org/wiki/Sunset_Overdrive	.
5	R	6	LA Noire	2011	RockStar Games	https://en.m.wikipedia.org/wiki/L.A._Noire	.
5	R	Y	skate.	2007	EA Black Box	https://en.m.wikipedia.org/wiki/Skate_(video_game)	.
5	R	7	Transistor	2014	Supergiant Games	https://en.m.wikipedia.org/wiki/Transistor_(video_game)	.
5	R	8	Star Wars Episode I: Pod Racer	1999	LucasArts	https://en.m.wikipedia.org/wiki/Star_Wars_Episode_I:_Racer	.
5	R	9	Spyro the Dragon	1998	Insomniac Games	https://en.m.wikipedia.org/wiki/Spyro_the_Dragon_(video_game)	.
5	R	10	Call of Duty 2	2005	Infinity Ward	https://en.m.wikipedia.org/wiki/Call_of_Duty_2	.
5	R	Y	Saints Row: The Third	2011	Volition	https://en.m.wikipedia.org/wiki/Saints_Row:_The_Third	.
5	R	11	City of Heroes	2004	Cryptic Studios	https://en.m.wikipedia.org/wiki/City_of_Heroes	.
5	R	12	Angry Birds	2009	Rovio	https://en.m.wikipedia.org/wiki/Angry_Birds	.
5	R	13	Gone Home	2013	Fullbright	https://en.m.wikipedia.org/wiki/Gone_Home	.
5	R	14	Super Hexagon	2012	Terry Cavanagh	https://en.m.wikipedia.org/wiki/Super_Hexagon	.
5	R	15	Excitebike	1984	Nintendo	https://en.m.wikipedia.org/wiki/Excitebike	.
5	R	16	Papo & Yo	2012	Minority	https://en.m.wikipedia.org/wiki/Papo_%26_Yo	.
5	R	17	Gex: Enter the Gecko	1998	Crystal Dynamics	https://en.m.wikipedia.org/wiki/Gex:_Enter_the_Gecko	.
5	R	18	The Witcher	2007	CD Projekt Red	https://en.m.wikipedia.org/wiki/The_Witcher_(video_game)	.
5	R	19	Hellgate: London	2007	Flagship Studios	https://en.m.wikipedia.org/wiki/Hellgate:_London	.
5	R	20	Unreal Championship 2: The Liandri Conflict	2005	Epic Games	https://en.m.wikipedia.org/wiki/Unreal_Championship_2:_The_Liandri_Conflict	.
5	R	21	Minesweeper	1989	Microsoft	https://en.m.wikipedia.org/wiki/Minesweeper_(video_game)	.
5	R	22	The Order 1886	2015	Ready at Dawn	https://en.m.wikipedia.org/wiki/The_Order:_1886	.
5	P	N	The Stanley Parable 	2013	Galactic Cafe	https://en.m.wikipedia.org/wiki/The_Stanley_Parable	.
5	P	N	Ratchet and Clank 2: Going Commando	2003	Insomniac Games	https://en.m.wikipedia.org/wiki/Ratchet_%26_Clank:_Going_Commando	.
5	P	Y	Donkey Kong Country 2	1995	Rare	https://en.m.wikipedia.org/wiki/Donkey_Kong_Country_2:_Diddy%27s_Kong_Quest	.
5	P	Y	Spec Ops the Line	2012	Yager Development	https://en.m.wikipedia.org/wiki/Spec_Ops:_The_Line	.
5	B	N	Unreal Championship 2: The Liandri Conflict	2005	Epic Games	https://en.m.wikipedia.org/wiki/Unreal_Championship_2:_The_Liandri_Conflict	.
4	R	1	Super Mario World	1990	Nintendo	https://en.m.wikipedia.org/wiki/Super_Mario_World	.
4	R	2	Super Meat Boy	2010	Team Meat	https://en.m.wikipedia.org/wiki/Super_Meat_Boy	.
4	R	3	Mario Strikers Charged	2007	Nintendo	https://en.m.wikipedia.org/wiki/Mario_Strikers_Charged	.
4	R	4	Crash Bandicoot	1996	Naughty Dog	https://en.m.wikipedia.org/wiki/Crash_Bandicoot_(video_game)	.
4	R	5	Sunset Overdrive	2014	Insomniac Games	https://en.m.wikipedia.org/wiki/Sunset_Overdrive	.
4	R	Y	LA Noire	2011	RockStar Games	https://en.m.wikipedia.org/wiki/L.A._Noire	.
4	R	6	Transistor	2014	Supergiant Games	https://en.m.wikipedia.org/wiki/Transistor_(video_game)	.
4	R	7	Star Wars Episode I: Pod Racer	1999	LucasArts	https://en.m.wikipedia.org/wiki/Star_Wars_Episode_I:_Racer	.
4	R	8	Spyro the Dragon	1998	Insomniac Games	https://en.m.wikipedia.org/wiki/Spyro_the_Dragon_(video_game)	.
4	R	9	Call of Duty 2	2005	Infinity Ward	https://en.m.wikipedia.org/wiki/Call_of_Duty_2	.
4	R	10	City of Heroes	2004	Cryptic Studios	https://en.m.wikipedia.org/wiki/City_of_Heroes	.
4	R	11	Angry Birds	2009	Rovio	https://en.m.wikipedia.org/wiki/Angry_Birds	.
4	R	Y	Gone Home	2013	Fullbright	https://en.m.wikipedia.org/wiki/Gone_Home	.
4	R	12	Super Hexagon	2012	Terry Cavanagh	https://en.m.wikipedia.org/wiki/Super_Hexagon	.
4	R	13	Excitebike	1984	Nintendo	https://en.m.wikipedia.org/wiki/Excitebike	.
4	R	14	Papo & Yo	2012	Minority	https://en.m.wikipedia.org/wiki/Papo_%26_Yo	.
4	R	15	Gex: Enter the Gecko	1998	Crystal Dynamics	https://en.m.wikipedia.org/wiki/Gex:_Enter_the_Gecko	.
4	R	16	The Witcher	2007	CD Projekt Red	https://en.m.wikipedia.org/wiki/The_Witcher_(video_game)	.
4	R	17	Hellgate: London	2007	Flagship Studios	https://en.m.wikipedia.org/wiki/Hellgate:_London	.
4	R	18	Unreal Championship 2: The Liandri Conflict	2005	Epic Games	https://en.m.wikipedia.org/wiki/Unreal_Championship_2:_The_Liandri_Conflict	.
4	R	Y	Minesweeper	1989	Microsoft	https://en.m.wikipedia.org/wiki/Minesweeper_(video_game)	.
4	R	Y	The Order 1886	2015	Ready at Dawn	https://en.m.wikipedia.org/wiki/The_Order:_1886	.
4	P	Y	The Stanley Parable	2013	Galactic Cafe	https://en.m.wikipedia.org/wiki/The_Stanley_Parable	.
4	P	Y	Ratchet and Clank 2: Going Commando	2003	Insomniac Games	https://en.m.wikipedia.org/wiki/Ratchet_%26_Clank:_Going_Commando	.
4	B	N	Unreal Championship 2: The Liandri Conflict	2005	Epic Games	https://en.m.wikipedia.org/wiki/Unreal_Championship_2:_The_Liandri_Conflict	.
3	R	1	Super Mario World	1990	Nintendo	https://en.m.wikipedia.org/wiki/Super_Mario_World	.
3	R	2	Super Meat Boy	2010	Team Meat	https://en.m.wikipedia.org/wiki/Super_Meat_Boy	.
3	R	3	Mario Strikers Charged	2007	Nintendo	https://en.m.wikipedia.org/wiki/Mario_Strikers_Charged	.
3	R	4	Crash Bandicoot	1996	Naughty Dog	https://en.m.wikipedia.org/wiki/Crash_Bandicoot_(video_game)	.
3	R	Y	Sunset Overdrive	2014	Insomniac Games	https://en.m.wikipedia.org/wiki/Sunset_Overdrive	.
3	R	Y	Transistor	2014	Supergiant Games	https://en.m.wikipedia.org/wiki/Transistor_(video_game)	.
3	R	5	Star Wars Episode I: Pod Racer	1999	LucasArts	https://en.m.wikipedia.org/wiki/Star_Wars_Episode_I:_Racer	.
3	R	6	Spyro the Dragon	1998	Insomniac Games	https://en.m.wikipedia.org/wiki/Spyro_the_Dragon_(video_game)	.
3	R	7	Call of Duty 2	2005	Infinity Ward	https://en.m.wikipedia.org/wiki/Call_of_Duty_2	.
3	R	8	City of Heroes	2004	Cryptic Studios	https://en.m.wikipedia.org/wiki/City_of_Heroes	.
3	R	9	Angry Birds	2009	Rovio	https://en.m.wikipedia.org/wiki/Angry_Birds	.
3	R	10	Super Hexagon	2012	Terry Cavanagh	https://en.m.wikipedia.org/wiki/Super_Hexagon	.
3	R	11	Excitebike	1984	Nintendo	https://en.m.wikipedia.org/wiki/Excitebike	.
3	R	Y	Papo & Yo	2012	Minority	https://en.m.wikipedia.org/wiki/Papo_%26_Yo	.
3	R	12	Gex: Enter the Gecko	1998	Crystal Dynamics	https://en.m.wikipedia.org/wiki/Gex:_Enter_the_Gecko	.
3	R	13	The Witcher	2007	CD Projekt Red	https://en.m.wikipedia.org/wiki/The_Witcher_(video_game)	.
3	R	14	Hellgate: London	2007	Flagship Studios	https://en.m.wikipedia.org/wiki/Hellgate:_London	.
3	R	15	Unreal Championship 2: The Liandri Conflict	2005	Epic Games	https://en.m.wikipedia.org/wiki/Unreal_Championship_2:_The_Liandri_Conflict	.
3	B	N	Unreal Championship 2: The Liandri Conflict	2005	Epic Games	https://en.m.wikipedia.org/wiki/Unreal_Championship_2:_The_Liandri_Conflict	.
2	R	Y	Super Mario World	1990	Nintendo	https://en.m.wikipedia.org/wiki/Super_Mario_World	.
2	R	1	Super Meat Boy	2010	Team Meat	https://en.m.wikipedia.org/wiki/Super_Meat_Boy	.
2	R	2	Mario Strikers Charged	2007	Nintendo	https://en.m.wikipedia.org/wiki/Mario_Strikers_Charged	.
2	R	Y	Crash Bandicoot	1996	Naughty Dog	https://en.m.wikipedia.org/wiki/Crash_Bandicoot_(video_game)	.
2	R	3	Star Wars Episode I: Pod Racer	1999	LucasArts	https://en.m.wikipedia.org/wiki/Star_Wars_Episode_I:_Racer	.
2	R	Y	Spyro the Dragon	1998	Insomniac Games	https://en.m.wikipedia.org/wiki/Spyro_the_Dragon_(video_game)	.
2	R	Y	Call of Duty 2	2005	Infinity Ward	https://en.m.wikipedia.org/wiki/Call_of_Duty_2	.
2	R	4	City of Heroes	2004	Cryptic Studios	https://en.m.wikipedia.org/wiki/City_of_Heroes	.
2	R	5	Angry Birds	2009	Rovio	https://en.m.wikipedia.org/wiki/Angry_Birds	.
2	R	6	Super Hexagon	2012	Terry Cavanagh	https://en.m.wikipedia.org/wiki/Super_Hexagon	.
2	R	7	Excitebike	1984	Nintendo	https://en.m.wikipedia.org/wiki/Excitebike	.
2	R	Y	Gex: Enter the Gecko	1998	Crystal Dynamics	https://en.m.wikipedia.org/wiki/Gex:_Enter_the_Gecko	.
2	R	Y	The Witcher	2007	CD Projekt Red	https://en.m.wikipedia.org/wiki/The_Witcher_(video_game)	.
2	R	Y	Hellgate: London	2007	Flagship Studios	https://en.m.wikipedia.org/wiki/Hellgate:_London	.
2	R	8	Unreal Championship 2: The Liandri Conflict	2005	Epic Games	https://en.m.wikipedia.org/wiki/Unreal_Championship_2:_The_Liandri_Conflict	.
2	P	Y	Transistor	2014	Supergiant Games	https://en.m.wikipedia.org/wiki/Transistor_(video_game)	.
2	P	Y	Papo & Yo	2012	Minority	https://en.m.wikipedia.org/wiki/Papo_%26_Yo	.
2	P	N	Sunset Overdrive	2014	Insomniac Games	https://en.m.wikipedia.org/wiki/Sunset_Overdrive	.
2	B	Y	Unreal Championship 2: The Liandri Conflict	2005	Epic Games	https://en.m.wikipedia.org/wiki/Unreal_Championship_2:_The_Liandri_Conflict	.
1	R	Y	Super Meat Boy	2010	Team Meat	https://en.m.wikipedia.org/wiki/Super_Meat_Boy	.
1	R	Y	Mario Strikers Charged	2007	Nintendo	https://en.m.wikipedia.org/wiki/Mario_Strikers_Charged	.
1	R	Y	Star Wars Episode I: Pod Racer	1999	LucasArts	https://en.m.wikipedia.org/wiki/Star_Wars_Episode_I:_Racer	.
1	R	Y	City of Heroes	2004	 Cryptic Studios	https://en.m.wikipedia.org/wiki/City_of_Heroes	.
1	R	Y	Angry Birds	2009	Rovio	https://en.m.wikipedia.org/wiki/Angry_Birds	.
1	R	Y	Super Hexagon	2012	Terry Cavanagh	https://en.m.wikipedia.org/wiki/Super_Hexagon	.
1	R	Y	Excitebike	1984	Nintendo	https://en.m.wikipedia.org/wiki/Excitebike	.
1	R	Y	Unreal Championship 2: The Liandri Conflict	2005	Epic Games	https://en.m.wikipedia.org/wiki/Unreal_Championship_2:_The_Liandri_Conflict	.
1	P	Y	Sunset Overdrive	2014	Insomniac Games	https://en.m.wikipedia.org/wiki/Sunset_Overdrive	.